name_m,name_f
Jacob,Emily
Michael,Madison
Joshua,Emma
Matthew,Olivia
Daniel,Hannah
Christopher,Abigail
Andrew,Isabella
Ethan,Samantha
Joseph,Elizabeth
William,Ashley
Anthony,Alexis
David,Sarah
Alexander,Sophia
Nicholas,Alyssa
Ryan,Grace
Tyler,Ava
James,Taylor
John,Brianna
Jonathan,Lauren
Noah,Chloe
Brandon,Natalie
Christian,Kayla
Dylan,Jessica
Samuel,Anna
Benjamin,Victoria
Nathan,Mia
Zachary,Hailey
Logan,Sydney
Justin,Jasmine
Gabriel,Julia
Jose,Morgan
Austin,Destiny
Kevin,Rachel
Elijah,Ella
Caleb,Kaitlyn
Robert,Megan
Thomas,Katherine
Jordan,Savannah
Cameron,Jennifer
Jack,Alexandra
Hunter,Allison
Jackson,Haley
Angel,Maria
Isaiah,Kaylee
Evan,Lily
Isaac,Makayla
Luke,Brooke
Mason,Nicole
Jayden,Mackenzie
Jason,Addison
Gavin,Stephanie
Aaron,Lillian
Connor,Andrea
Aiden,Faith
Aidan,Zoe
Kyle,Kimberly
Juan,Madeline
Charles,Alexa
Luis,Katelyn
Adam,Gabriella
Lucas,Gabrielle
Brian,Trinity
Eric,Amanda
Adrian,Kylie
Nathaniel,Mary
Sean,Paige
Alex,Riley
Carlos,Leah
Bryan,Jenna
Ian,Sara
Owen,Rebecca
Jesus,Michelle
Landon,Sofia
Julian,Vanessa
Chase,Jordan
Cole,Angelina
Diego,Caroline
Jeremiah,Avery
Steven,Audrey
Sebastian,Evelyn
Xavier,Maya
Timothy,Claire
Carter,Autumn
Wyatt,Jocelyn
Brayden,Ariana
Blake,Nevaeh
Hayd,Arianna
,Jada
,Bailey
,Brooklyn
,Aaliyah
,Amber
,Isabel
,Mariah
,Danielle
,Melanie
,Sierra
,Erin
,Amelia
,Molly
,Isabelle
,Melissa
,Madelyn
,Jacqueline
,Marissa
,Angela
,Shelby